Iters,Variance
0,0
10,0.0276401774237064
20,0.0249598520832689
30,0.0246163267631383
40,0.0247326493994961
50,0.025211411428477
60,0.0261928638794641
70,0.0270900521697372
80,0.0283474842237859
90,0.029816658146507
100,0.0310097298395673
110,0.032137898908239
120,0.0333843544537758
130,0.0345885507017044
140,0.035693083331405
150,0.0368610527994212
160,0.0379723755009418
170,0.0391423458838417
180,0.0404309044414155
190,0.0417667696745499
200,0.0430634016038717
210,0.0442111704640641
220,0.0454513968621511
230,0.0468030188567498
240,0.0481746767870882
250,0.0496967170016038
260,0.0512085100593388
270,0.0528277068612845
280,0.0545533202974285
290,0.0562591436385662
300,0.0577459915095423
310,0.059084349950211
320,0.0604453191470717
330,0.0617978088611839
340,0.0631479296928391
350,0.0643902862447477
360,0.0656558917289184
370,0.0669551959658461
380,0.068218003352335
390,0.0694002204196399
400,0.0706089391110732
410,0.072002123588357
420,0.0733865047706567
430,0.0747391603651217
440,0.0759879909064846
450,0.0773957042609092
460,0.0788283260844061
470,0.0802631912632459
480,0.0817020534823857
490,0.0829894949955098
500,0.0842852869036651
510,0.0855586573494642
520,0.0868581574719924
530,0.088184630430996
540,0.0894345815660172
550,0.0906798370193785
560,0.0919689441265865
570,0.093287566685812
580,0.094599501263082
590,0.095761692662905
600,0.0968755780105649
610,0.0979908355488504
620,0.0991142485871731
630,0.100294531466567
640,0.10159158736329
650,0.102957531013122
660,0.104303140658961
670,0.105605671334333
680,0.106964090295119
690,0.108211191069472
700,0.109503244478368
710,0.110664876246861
720,0.111800452806685
730,0.112911596259555
740,0.1140775234161
750,0.115221539567225
760,0.116364916726305
770,0.117484740797216
780,0.118626808203498
790,0.119708312376699
800,0.120759028836882
810,0.121856623873637
820,0.123009438361199
830,0.124220880330306
840,0.125479503905658
850,0.126757511953839
860,0.128077316618099
870,0.12945315012427
880,0.130813611350512
890,0.13215104963432
900,0.133526501944962
910,0.134899735291029
920,0.136168955168173
930,0.137390152876199
940,0.138588142893918
950,0.139789764457253
960,0.141070096194415
970,0.142340892114093
980,0.143595952499997
990,0.144842020606282
1000,0.146098297952296
1010,0.147386468268189
1020,0.148699550116039
1030,0.150079978421448
1040,0.151571159018882
1050,0.153089359294402
1060,0.154555256401267
1070,0.156067453683954
1080,0.157564698450765
1090,0.159021772954455
1100,0.160415122045237
1110,0.161698971191284
1120,0.162984183029819
1130,0.164180020514121
1140,0.165282925195345
1150,0.166376756242286
1160,0.167460264077508
1170,0.168618557262009
1180,0.169758354640373
1190,0.170886362967619
1200,0.172041776277194
1210,0.173225017774579
1220,0.174516496299462
1230,0.175886411311186
1240,0.177245914579077
1250,0.178623160331748
1260,0.179948385892714
1270,0.181357767196524
1280,0.182652132532871
1290,0.184007843315584
1300,0.18535620667005
1310,0.186717512101764
1320,0.188127477965692
1330,0.189574032509439
1340,0.191020669201454
1350,0.192468702188895
1360,0.193942390442948
1370,0.195426319617073
1380,0.196971675247246
1390,0.198540401869526
1400,0.20013263557117
1410,0.20171093180055
1420,0.203372855177911
1430,0.205019876432863
1440,0.206756568702921
1450,0.208473351991107
1460,0.210157803584302
1470,0.211854658347808
1480,0.213528276737743
1490,0.215222143061954
1500,0.216899492991261
1510,0.21854376636725
1520,0.220204542342759
1530,0.221863838203991
1540,0.223589344004649
1550,0.225322121862151
1560,0.227074251078862
1570,0.228922819490506
1580,0.230760938333034
1590,0.232559955494681
1600,0.234332046331068
1610,0.236020326183814
1620,0.237681778577508
1630,0.239293887760786
1640,0.240896210413392
1650,0.242542485203677
1660,0.244183621277886
1670,0.245843265829886
1680,0.247422123525404
1690,0.24898520719873
1700,0.250531517596931
1710,0.252090433765935
1720,0.253609417770494
1730,0.255088819967075
1740,0.256548190797603
1750,0.257993787241174
1760,0.259411351616455
1770,0.260881870441048
1780,0.262325893748201
1790,0.263818854510533
1800,0.265365808421284
1810,0.266928124106385
1820,0.268501733902019
1830,0.270068671147501
1840,0.271619872457896
1850,0.27313592973681
1860,0.274659090821353
1870,0.276172979581526
1880,0.277656665291244
1890,0.279157280157042
1900,0.2806627912805
1910,0.282104921224339
1920,0.283539793222034
1930,0.284967356413117
1940,0.286350753201986
1950,0.287708037716932
1960,0.289016202167809
1970,0.29030551494589
1980,0.291570480124454
1990,0.292813380695014
2000,0.294030943498521
2010,0.295256602103656
2020,0.296515269056062
2030,0.297754356884149
2040,0.29894782033625
2050,0.300140881397764
2060,0.301311334839024
2070,0.302481263492875
2080,0.303639959208577
2090,0.304799420540196
2100,0.305922585617412
2110,0.307044673144027
2120,0.308151793911101
2130,0.309302157875472
2140,0.310502665025419
2150,0.311692258251338
2160,0.312874848290882
2170,0.313975635980322
2180,0.315076315141616
2190,0.316159228677097
2200,0.317285155792774
2210,0.318398083957854
2220,0.31954336914891
2230,0.320708540512629
2240,0.321840122931864
2250,0.322993680094126
2260,0.324169733547988
2270,0.325343105269862
2280,0.326503331837852
2290,0.327655636712634
2300,0.328870884603419
2310,0.33009392190122
2320,0.331341755094719
2330,0.332539199168718
2340,0.333736363828573
2350,0.334931564992809
2360,0.336159337680258
2370,0.33741067364973
2380,0.338565143219843
2390,0.339691935607663
2400,0.34078897142955
2410,0.341921052062875
2420,0.343021402752283
2430,0.344108493163155
2440,0.345216146385065
2450,0.34632839306524
2460,0.347468926001124
2470,0.348585589292622
2480,0.349700694501812
2490,0.350778078189432
2500,0.351877841440272
2510,0.352990326001558
2520,0.354093104605144
2530,0.355226252075573
2540,0.356313711877447
2550,0.357395028409443
2560,0.358460745622092
2570,0.359495495289176
2580,0.360516788133152
2590,0.361523339197875
2600,0.362537845535299
2610,0.363556581602614
2620,0.364553417111418
2630,0.36557530597944
2640,0.366596108828002
2650,0.367615692617323
2660,0.368674421588165
2670,0.369774069682848
2680,0.370880492484588
2690,0.371990892135501
2700,0.373126394329374
2710,0.374312405781933
2720,0.375493996713157
2730,0.37665934364396
2740,0.377821230100653
2750,0.378939664367972
2760,0.380058927045808
2770,0.381178609941853
2780,0.382303881238095
2790,0.383415471615983
2800,0.384505758242219
2810,0.385605914297283
2820,0.386734936969397
2830,0.38790274888438
2840,0.389076477145702
2850,0.39027644724659
2860,0.39146710741212
2870,0.392657339316964
2880,0.393849787239156
2890,0.395036087334435
2900,0.396284255529418
2910,0.397516263625948
2920,0.398750256555749
2930,0.399995433485301
2940,0.401270806855495
2950,0.402580896758024
2960,0.403920077020856
2970,0.405280160195167
2980,0.406632109257037
2990,0.407979275843439
3000,0.409333841069203
3010,0.410688142786843
3020,0.412056629798404
3030,0.413479511771107
3040,0.414927851195534
3050,0.416375039919044
3060,0.417790946424707
3070,0.41922534237324
3080,0.420665424816464
3090,0.422094842219308
3100,0.42353338886069
3110,0.424982509225395
3120,0.426461484179992
3130,0.42796281130424
3140,0.429486381048343
3150,0.431006274002566
3160,0.432509103562725
3170,0.434004661995129
3180,0.435482523806492
3190,0.436949342669841
3200,0.438406126653628
3210,0.439867111622316
3220,0.441323145312488
3230,0.442762432581238
3240,0.444197727740829
3250,0.445617442100976
3260,0.447087898438679
3270,0.448554952056169
3280,0.450011120510545
3290,0.45148104991929
3300,0.452939975416682
3310,0.454410319492491
3320,0.455916964501103
3330,0.457402973433922
3340,0.458876998945152
3350,0.460355447973373
3360,0.461852270779279
3370,0.463326588823932
3380,0.46474569541968
3390,0.466159470989823
3400,0.46763400660895
3410,0.46910820747438
3420,0.470601118631236
3430,0.472064940491706
3440,0.473498498974135
3450,0.474956703127786
3460,0.476386217011019
3470,0.477863807427957
3480,0.479369978829355
3490,0.480853329135988
3500,0.482318458229899
3510,0.48376849244476
3520,0.485180567263004
3530,0.486618603153209
3540,0.488043109096489
3550,0.489423626149495
3560,0.490789338747235
3570,0.492089631146728
3580,0.493393915973009
3590,0.494697466812434
3600,0.496016598336383
3610,0.497332999124703
3620,0.498641769197517
3630,0.4999767974678
3640,0.50124958855968
3650,0.502547276190416
3660,0.503834672640282
3670,0.505174041115735
3680,0.506528464207445
3690,0.507915698893913
3700,0.509293300465581
3710,0.510666471378445
3720,0.512056519925505
3730,0.513427342483279
3740,0.514783352560775
3750,0.516113009011501
3760,0.51745434443267
3770,0.51883344703824
3780,0.520187186764681
3790,0.521546166885934
3800,0.522871355991464
3810,0.524197759560037
3820,0.525539535727323
3830,0.526856893923386
3840,0.528139888902805
3850,0.529445601298567
3860,0.530711040800403
3870,0.532017790616427
3880,0.533364531320197
3890,0.534720567669206
3900,0.536118333229496
3910,0.537547013502339
3920,0.538934933205175
3930,0.540356436713615
3940,0.541793385030939
3950,0.543237856651501
3960,0.544670640589798
3970,0.546113499803486
3980,0.547550485081864
3990,0.548965488815166
4000,0.550350544680004
4010,0.55172222575631
4020,0.553056872593927
4030,0.554390370815065
4040,0.55574902084765
4050,0.557137083234955
4060,0.55852612393379
4070,0.559923062783577
4080,0.561297981091273
4090,0.562701568599882
4100,0.564144431603846
4110,0.56554684494236
4120,0.566965731083209
4130,0.568426916908558
4140,0.569853660704417
4150,0.571270200313273
4160,0.572676157403024
4170,0.574120347157663
4180,0.575530056273835
4190,0.5769226401878
4200,0.578281164851518
4210,0.579625820727947
4220,0.580955613555375
4230,0.582299794814139
4240,0.583659410690839
4250,0.585025865477491
4260,0.586387794222092
4270,0.587737638927619
4280,0.589105261476839
4290,0.590451338192198
4300,0.591811862655513
4310,0.593186213132204
4320,0.594577109526796
4330,0.595976454363219
4340,0.597369150858322
4350,0.598727518167396
4360,0.600090896886538
4370,0.60145589834934
4380,0.602823820334482
4390,0.604214837512642
4400,0.605619602700233
4410,0.607027929962072
4420,0.608407755907602
4430,0.609820652116067
4440,0.61123385123141
4450,0.612628149367097
4460,0.61399174519915
4470,0.615347056720249
4480,0.616768240826678
4490,0.618212026241418
4500,0.619676155804921
4510,0.621182506027981
4520,0.622714659340071
4530,0.624255059697299
4540,0.625823316614217
4550,0.627402780604541
4560,0.628969175670957
4570,0.63051182833015
4580,0.632049142815689
4590,0.633545292118666
4600,0.635061644645862
4610,0.636561591489659
4620,0.638080567577786
4630,0.639582533171559
4640,0.641093790052386
4650,0.642631088217836
4660,0.644207160775281
4670,0.645778639928292
4680,0.647353417830827
4690,0.648919685858339
4700,0.650516964451677
4710,0.652091116735151
4720,0.65366891071121
4730,0.655273941038226
4740,0.656866754081292
4750,0.658474616479246
4760,0.660066106366632
4770,0.661627698594765
4780,0.663162424450853
4790,0.664666364207288
4800,0.666170920272089
4810,0.667632971006986
4820,0.669135303574443
4830,0.670608138050104
4840,0.672063646742502
4850,0.673510573089607
4860,0.674920133446417
4870,0.676319382175709
4880,0.677715119626789
4890,0.67911032916977
4900,0.680503995505362
4910,0.681895698164763
4920,0.683299300025583
4930,0.684681757720331
4940,0.686003940495522
4950,0.687302240323699
4960,0.688614501020128
4970,0.689947158130139
4980,0.691298584819178
4990,0.69263547498751
5000,0.693948773358559
5010,0.695256017707183
5020,0.696568904803273
5030,0.697875501620395
5040,0.699150380234619
5050,0.700443950520413
5060,0.701728576140389
5070,0.703008788041647
5080,0.704284330570848
5090,0.705607178417078
5100,0.706906157386959
5110,0.708175282859162
5120,0.709461803276618
5130,0.710797970874532
5140,0.712134493409576
5150,0.713500781345546
5160,0.714845456096256
5170,0.716190105684302
5180,0.717546300526564
5190,0.718853641811837
5200,0.7201461446868
5210,0.721438236081978
5220,0.722746709072465
5230,0.724040182549207
5240,0.725317505614171
5250,0.726622529250936
5260,0.727944716875941
5270,0.729264334052375
5280,0.730600142441797
5290,0.731920147770224
5300,0.73319082049483
5310,0.734448708879311
5320,0.735740477645499
5330,0.737029265529731
5340,0.738294002720679
5350,0.739572539043955
5360,0.740886069222935
5370,0.742216685566019
5380,0.743583459550876
5390,0.744985710862509
5400,0.746378567415904
5410,0.747747111291018
5420,0.749113680598559
5430,0.750452942222425
5440,0.75176445968319
5450,0.753055506175367
5460,0.754327370120287
5470,0.755605833773859
5480,0.756881982896313
5490,0.758148239168627
5500,0.759377329307515
5510,0.760614321833493
5520,0.761861085711472
5530,0.763065703730213
5540,0.764294485334647
5550,0.765507590256019
5560,0.766681722174122
5570,0.767847954787296
5580,0.769028362388569
5590,0.770240573385538
5600,0.771460068123455
5610,0.772663257460898
5620,0.773876183692231
5630,0.775061054395837
5640,0.776219019139341
5650,0.777385559364844
5660,0.778548080430042
5670,0.779689495634022
5680,0.780818147057223
5690,0.781910093773501
5700,0.783034025592937
5710,0.784167756946974
5720,0.785293126959328
5730,0.786418342232096
5740,0.787552167323003
5750,0.788681659688755
5760,0.789839764690343
5770,0.791012094991794
5780,0.792166071038985
5790,0.793326457755347
5800,0.794475459016639
5810,0.795665760672797
5820,0.796887540201223
5830,0.798117902298658
5840,0.799364547337842
5850,0.800628146580875
5860,0.801864670503112
5870,0.803081395363091
5880,0.804284019805314
5890,0.805491179860081
5900,0.806690116752106
5910,0.807865545265473
5920,0.809000260977136
5930,0.810113702447324
5940,0.811245758047905
5950,0.812356180033252
5960,0.813457622584403
5970,0.814546456658533
5980,0.815634558451525
5990,0.816752806206279
6000,0.817906606294462
6010,0.819064290321173
6020,0.820205971679035
6030,0.821358301496305
6040,0.822510337307674
6050,0.823591325632469
6060,0.824644605705772
6070,0.825685748304343
6080,0.826754971784857
6090,0.827837556012053
6100,0.828937633796826
6110,0.830012686645656
6120,0.831067490661691
6130,0.832095853126584
6140,0.833138390769608
6150,0.834178813063861
6160,0.83522835372423
6170,0.836290175125232
6180,0.837378641966843
6190,0.838481798616306
6200,0.839572285855176
6210,0.840652332810426
6220,0.841727185790915
6230,0.842807673219361
6240,0.843894216483945
6250,0.844978573218711
6260,0.846066607223123
6270,0.847180460225406
6280,0.848301912173242
6290,0.849396092734353
6300,0.85049040623555
6310,0.85161241751708
6320,0.852724624875129
6330,0.85385776134718
6340,0.855030093607106
6350,0.856150159596336
6360,0.85729575218239
6370,0.858445716812627
6380,0.859628856772655
6390,0.860807211564904
6400,0.862006972547527
6410,0.863207612654433
6420,0.864393409924853
6430,0.865585710501509
6440,0.86682526145085
6450,0.868072666703255
6460,0.86931806203465
6470,0.87056018968611
6480,0.871789903984763
6490,0.873018687093729
6500,0.874246279933462
6510,0.875490744550199
6520,0.876698319200806
6530,0.877900421534866
6540,0.879083445097134
6550,0.880285613352265
6560,0.88147825422397
6570,0.88267231945353
6580,0.883874144111482
6590,0.885078092116129
6600,0.886270915678382
6610,0.887431092368279
6620,0.888614969687522
6630,0.889808324697466
6640,0.891016653651348
6650,0.8922334746833
6660,0.893451436572887
6670,0.894706273173477
6680,0.895949576040278
6690,0.8971730302437
6700,0.898376332623503
6710,0.899595678354844
6720,0.900846868198824
6730,0.90211736008395
6740,0.903383858862095
6750,0.904630985185199
6760,0.905910806703788
6770,0.907199260595569
6780,0.908470445341294
6790,0.909731645900815
6800,0.910969260093189
6810,0.912199309443029
6820,0.913450996172158
6830,0.914687464998367
6840,0.915922963373884
6850,0.917162316617693
6860,0.918420060770564
6870,0.919669402693879
6880,0.920907527715714
6890,0.922120671205345
6900,0.923293570780001
6910,0.924478969914971
6920,0.925667552366001
6930,0.926864835122199
6940,0.928031376613019
6950,0.929198562843671
6960,0.930365155895021
6970,0.931484122353785
6980,0.932632744046738
6990,0.933802493321653
7000,0.93497107459828
7010,0.93614572687167
7020,0.937322783453204
7030,0.938512259314302
7040,0.939692633562349
7050,0.940885892477717
7060,0.942085291873611
7070,0.943306796714128
7080,0.94451016858929
7090,0.945687215276207
7100,0.946875038049092
7110,0.948052883574394
7120,0.949213889239926
7130,0.95038358172768
7140,0.951564215924215
7150,0.952750000466419
7160,0.953928952265817
7170,0.95508296243648
7180,0.956208884787965
7190,0.95732188919131
7200,0.958438364057008
7210,0.959575374111964
7220,0.960715463861133
7230,0.961860006950005
7240,0.96296554272178
7250,0.964059824849981
7260,0.965168903923037
7270,0.966286473573286
7280,0.967406566873551
7290,0.968525489241444
7300,0.969682766243942
7310,0.970862532006691
7320,0.972085928063497
7330,0.973329721790327
7340,0.974581785168888
7350,0.975807688165235
7360,0.977016619692372
7370,0.97822701633739
7380,0.979434436320224
7390,0.980622188102104
7400,0.98181331759353
7410,0.982971769527709
7420,0.984105702089402
7430,0.985222128763927
7440,0.986334631073989
7450,0.987456468697893
7460,0.988584872385318
7470,0.989728884363916
7480,0.990902602949127
7490,0.992074789361599
7500,0.993222651221828
7510,0.994366174184345
7520,0.995506427152027
7530,0.996692405286544
7540,0.997886921573898
7550,0.999067558853405
7560,1.00026808471996
7570,1.00148678396018
7580,1.00268625483956
7590,1.00388366575246
7600,1.0050719837614
7610,1.00627966783788
7620,1.00748556271385
7630,1.00870619998301
7640,1.00991028027913
7650,1.01112281853913
7660,1.01234960735713
7670,1.01357996680206
7680,1.01480861636222
7690,1.01603242349439
7700,1.0172760606018
7710,1.01854243836271
7720,1.01980692684903
7730,1.02109349563393
7740,1.02235077612333
7750,1.02358815896292
7760,1.02484115129323
7770,1.02608280501324
7780,1.02729673844378
7790,1.02851675059815
7800,1.02970619187563
7810,1.03090365537711
7820,1.03210133172941
7830,1.03331601242521
7840,1.03452740507024
7850,1.03574687278985
7860,1.03700367832676
7870,1.0383053030278
7880,1.03961604929039
7890,1.04092364780414
7900,1.04222874039962
7910,1.04352855598842
7920,1.04482433296055
7930,1.04614200578425
7940,1.04746205395068
7950,1.0488020827725
7960,1.05016059343498
7970,1.05150515297087
7980,1.05282616580467
7990,1.05416255495204
8000,1.05549542504798
8010,1.05680151157476
8020,1.05810013302819
8030,1.05938776385107
8040,1.06068697005289
8050,1.06202122093874
8060,1.0633683449655
8070,1.06471946072799
8080,1.0660566712376
8090,1.0673591636254
8100,1.0686756306436
8110,1.069955621469
8120,1.07122917428403
8130,1.0724878271012
8140,1.07374917976564
8150,1.07504898489057
8160,1.07634956946477
8170,1.07765571171545
8180,1.078957562571
8190,1.08025503792421
8200,1.08153772701773
8210,1.08279401971567
8220,1.08404890733399
8230,1.08531945138393
8240,1.08661677803378
8250,1.08794321685027
8260,1.08924742320933
8270,1.09057140981884
8280,1.09187330276437
8290,1.09315017973087
8300,1.094399725765
8310,1.09564386459483
8320,1.09689005351878
8330,1.09813198325992
8340,1.09937215858418
8350,1.10061891473105
8360,1.10186232367975
8370,1.10310105633077
8380,1.10432109278251
8390,1.1055407131377
8400,1.10673834965226
8410,1.10795009943498
8420,1.10913414001236
8430,1.11031677870905
8440,1.11152732399177
8450,1.11273661629172
8460,1.11395577281481
8470,1.11519481586747
8480,1.11644810727621
8490,1.11770506561836
8500,1.1189482295807
8510,1.12019756933777
8520,1.12144821858068
8530,1.12272390932489
8540,1.12399206328892
8550,1.12525070000238
8560,1.12650988139009
8570,1.12776039488816
8580,1.12901309025616
8590,1.13028641681322
8600,1.13151796902356
8610,1.13275443771234
8620,1.13399961734684
8630,1.13525445776943
8640,1.13652804162394
8650,1.13783062130411
8660,1.13913546542666
8670,1.14041230489286
8680,1.14169273250144
8690,1.14296047826293
8700,1.14424697751173
8710,1.14551516737577
8720,1.14677526575352
8730,1.14805220140886
8740,1.14933357466021
8750,1.15064665726703
8760,1.15196119774874
8770,1.15327547394081
8780,1.15455599505088
8790,1.15580392853849
8800,1.15708573474902
8810,1.15838844581083
8820,1.1597022217539
8830,1.16101307433437
8840,1.16233254431647
8850,1.16362893777995
8860,1.16493437894524
8870,1.16626665372473
8880,1.16757714736559
8890,1.1688915333845
8900,1.17021713963898
8910,1.17153205461067
8920,1.17285853364569
8930,1.17416838988573
8940,1.175439902399
8950,1.17671871072025
8960,1.17797339389962
8970,1.17924474574011
8980,1.18050470838576
8990,1.18177521587187
9000,1.18304276200125
9010,1.18430085094025
9020,1.18555426179459
9030,1.18681584591491
9040,1.18810545916122
9050,1.18938423664704
9060,1.19065963674977
9070,1.19191913071604
9080,1.19317085454083
9090,1.1944136897654
9100,1.195658645858
9110,1.19690083089682
9120,1.19814632916362
9130,1.19938692024963
9140,1.20063207719023
9150,1.20189612385482
9160,1.20312226331357
9170,1.20433021820456
9180,1.20555247317717
9190,1.20675610364356
9200,1.20796068973407
9210,1.20918380267088
9220,1.21040937470032
9230,1.21161597139192
9240,1.21280483939623
9250,1.21397765908359
9260,1.21513504671221
9270,1.21628814360289
9280,1.21748115943927
9290,1.21869211649984
9300,1.2198994962178
9310,1.22114672793726
9320,1.22240620038869
9330,1.22365078344161
9340,1.22490354414935
9350,1.22613266740905
9360,1.22735313913784
9370,1.22857413023018
9380,1.2298023844633
9390,1.23104353886323
9400,1.23228288496067
9410,1.23351010067748
9420,1.23475063208171
9430,1.23599614044803
9440,1.23727345645063
9450,1.23854162537605
9460,1.23982327057317
9470,1.24110806072041
9480,1.24239434937494
9490,1.24368485582534
9500,1.24496795766513
9510,1.24629164736456
9520,1.24763733597679
9530,1.2489987789405
9540,1.25036361823885
9550,1.25173833382449
9560,1.25305896657711
9570,1.25437047332808
9580,1.25568650864857
9590,1.257018911771
9600,1.25835250406818
9610,1.25970150554437
9620,1.26107443859524
9630,1.2624434312874
9640,1.2637903964587
9650,1.26514340662887
9660,1.26647562818671
9670,1.26780577343309
9680,1.26915368681313
9690,1.27050483309918
9700,1.2718515521368
9710,1.2732186339192
9720,1.27456863629525
9730,1.27593221519114
9740,1.27730109081077
9750,1.27867122567148
9760,1.28001591966174
9770,1.28135835053133
9780,1.28268937785229
9790,1.28399127586758
9800,1.28527594179266
9810,1.28654610482867
9820,1.28783327556173
9830,1.28912893456107
9840,1.29042835916261
9850,1.29173077311646
9860,1.29302791258698
9870,1.29432236545822
9880,1.2956284809791
9890,1.29694295201678
9900,1.29825103919718
9910,1.29955904919486
9920,1.30086964977717
9930,1.30218527209775
9940,1.30354455530921
9950,1.30494297121082
9960,1.30635157536348
9970,1.3077467042494
9980,1.30912098525945
9990,1.31044852242179